Workbook

Sheet Assumptions
A1: Project Umbra — Royalty Model (Assumptions)
A2: Caspian Technologies Limited / Hollencroft Industrial Group plc
A4: Assumption | B4: Value | C4: Source / note
A5: Upfront licence fee (£) | B5: 1250000 | C5: Agreed execution figure (clause 5.1(a))
A6: Running royalty rate | B6: 0.075 | C6: 7.5% of Net Revenue (clause 5.1(b))
A7: Min. royalty Year 1 (£) | B7: 300000 | C7: Schedule 2 para 4
A8: Min. royalty Year 2 (£) | B8: 500000 | C8: Schedule 2 para 4
A9: Min. royalty Year 3+ (£) | B9: 750000 | C9: Schedule 2 para 4
A10: Net Revenue Year 1 (£) | B10: 2200000 | C10: Hollencroft forecast (data room 6.1)
A11: Net Revenue Year 2 (£) | B11: 4800000 | C11: Hollencroft forecast
A12: Net Revenue Year 3 (£) | B12: 7600000 | C12: Hollencroft forecast
A13: Net Revenue Year 4 (£) | B13: 9900000 | C13: Hollencroft forecast
A14: Net Revenue Year 5 (£) | B14: 12200000 | C14: Hollencroft forecast

Sheet RoyaltyCalc
A1: Royalty Calculation by Contract Year
A3: Contract Year | B3: Net Revenue (£) | C3: Royalty rate | D3: Royalty on Net Rev (£) | E3: Minimum royalty (£) | F3: Royalty payable (£) | G3: Cumulative payable (£)
A4: Year 1 | B4: =Assumptions!B10 -> 2200000 | C4: =Assumptions!$B$6 -> 0.075 | D4: =B4*C4 -> 165000 | E4: =Assumptions!B7 -> 300000 | F4: =MAX(D4,E4) -> 300000 | G4: =F4 -> 300000
A5: Year 2 | B5: =Assumptions!B11 -> 4800000 | C5: =Assumptions!$B$6 -> 0.075 | D5: =B5*C5 -> 360000 | E5: =Assumptions!B8 -> 500000 | F5: =MAX(D5,E5) -> 500000 | G5: =G4+F5 -> 800000
A6: Year 3 | B6: =Assumptions!B12 -> 7600000 | C6: =Assumptions!$B$6 -> 0.075 | D6: =B6*C6 -> 570000 | E6: =Assumptions!B9 -> 750000 | F6: =MAX(D6,E6) -> 750000 | G6: =G5+F6 -> 1550000
A7: Year 4 | B7: =Assumptions!B13 -> 9900000 | C7: =Assumptions!$B$6 -> 0.075 | D7: =B7*C7 -> 742500 | E7: =Assumptions!B9 -> 750000 | F7: =MAX(D7,E7) -> 750000 | G7: =G6+F7 -> 2300000
A8: Year 5 | B8: =Assumptions!B14 -> 12200000 | C8: =Assumptions!$B$6 -> 0.075 | D8: =B8*C8 -> 915000 | E8: =Assumptions!B9 -> 750000 | F8: =MAX(D8,E8) -> 915000 | G8: =G7+F8 -> 3215000
A9: Total (5 yrs) | B9: =SUM(B4:B8) -> 36700000 | D9: =SUM(D4:D8) -> 2752500 | F9: =SUM(F4:F8) -> 3215000 | G9: =G8 -> 3215000
A11: Upfront fee (£) | B11: =Assumptions!B5 -> 1250000
A12: Total to Caspian over 5 yrs incl. upfront (£) | B12: =F9+B11 -> 4465000
A14: Note: Royalty payable is the greater of accrued royalty and the minimum annual royalty (clause 5.2).
