Workbook

Sheet Assumptions
A1: Caspian Atlas — Harborlight Retail Group plc
A2: Subscription pricing model (matter WC-00150)
A4: Assumption | B4: Value | C4: Notes
A5: Platform subscription — Year 1 (£ p.a.) | B5: 285000 | C5: Tier: Enterprise
A6: Annual uplift (Years 2 & 3) | B6: 0.04 | C6: Contractual fixed uplift
A7: Emissions data licence (£ p.a.) | B7: 95000 | C7: Scope 3 dataset
A8: Onboarding (one-off £) | B8: 60000 | C8: 10-week implementation
A9: Premium support (£ p.a.) | B9: 38000 | C9: 24x7 P1, named CSM
A10: Named users included | B10: 150
A11: Additional user (£/user/yr) | B11: 480
A12: Payment terms (days) | B12: 30 | C12: Net, annual in advance

Sheet 3-Year TCV
A1: Total Contract Value — 3-Year Initial Term
A3: Line item | B3: Year 1 | C3: Year 2 | D3: Year 3 | E3: Total
A4: Platform subscription | B4: =Assumptions!B5 | C4: =B4*(1+Assumptions!B6) | D4: =C4*(1+Assumptions!B6) | E4: =SUM(B4:D4)
A5: Emissions data licence | B5: =Assumptions!B7 | C5: =B5 | D5: =B5 | E5: =SUM(B5:D5)
A6: Premium support | B6: =Assumptions!B9 | C6: =B6 | D6: =B6 | E6: =SUM(B6:D6)
A7: Onboarding (one-off) | B7: =Assumptions!B8 | C7: 0 | D7: 0 | E7: =SUM(B7:D7)
A8: Annual subtotal | B8: =SUM(B4:B7) | C8: =SUM(C4:C7) | D8: =SUM(D4:D7) | E8: =SUM(B8:D8)
A10: Total Contract Value (TCV) | B10: =E8
A11: Average Annual Contract Value (ex-onboarding) | B11: =(E8-E7)/3

Sheet User Scenarios
A1: Additional Named-User Scenarios (annual)
A3: Total named users | B3: Included | C3: Additional users | D3: Extra fee (£/yr) | E3: Total user uplift (£/yr)
A4: 150 | B4: =Assumptions!B10 | C4: =MAX(0,A4-B4) | D4: =Assumptions!B11 | E4: =C4*D4
A5: 175 | B5: =Assumptions!B10 | C5: =MAX(0,A5-B5) | D5: =Assumptions!B11 | E5: =C5*D5
A6: 200 | B6: =Assumptions!B10 | C6: =MAX(0,A6-B6) | D6: =Assumptions!B11 | E6: =C6*D6
A7: 250 | B7: =Assumptions!B10 | C7: =MAX(0,A7-B7) | D7: =Assumptions!B11 | E7: =C7*D7
A8: 300 | B8: =Assumptions!B10 | C8: =MAX(0,A8-B8) | D8: =Assumptions!B11 | E8: =C8*D8
