Workbook

Sheet Assumptions
A1: PROJECT ZEPHYR — Royalty & Milestone Model
A2: Penrose Robotics Limited (Licensor) / Wexbourne Retail Group Limited (Licensee)
A3: Prepared by Whitfield Carter LLP — figures per executed Licence dated 28 Nov 2025. Blue = input.
A5: Assumption | B5: Value
A6: Upfront Fee | B6: 4500000
A7: Annual Licence Fee (p.a.) | B7: 950000
A8: Deployment milestone (each) | B8: 1000000
A9: Number of milestones | B9: 3
A10: Royalty rate (% of Net Benefit Value) | B10: 0.045
A11: Annual royalty cap | B11: 2000000
A12: Per-site activation fee | B12: 75000
A13: Term (years) | B13: 7

Sheet Milestones
A1: Deployment Milestones
A3: Milestone | B3: Description | C3: Target date | D3: Payment (£)
A4: M1 — Pilot acceptance | B4: Helmsman Core live at Daventry FC (120 AMRs); acceptance tests passed | C4: 31 Jan 2026 | D4: =Assumptions!B8 -> 1000000
A5: M2 — Multi-site rollout | B5: Lutterworth & Peterborough live; combined fleet ≥ 400 AMRs | C5: 30 Jun 2026 | D5: =Assumptions!B8 -> 1000000
A6: M3 — Full estate optimisation | B6: Helmsman Insight validated; throughput uplift ≥ 18% vs baseline | C6: 31 Dec 2026 | D6: =Assumptions!B8 -> 1000000
C7: Total milestone payments | D7: =SUM(D4:D6) -> 3000000

Sheet Cashflow
A1: 7-Year Licence Cashflow (Licensor receipts)
A2: Net Benefit Value (NBV) is a blue input scenario; royalty = MIN(rate × NBV, cap).
A4: Line item | B4: Year 1 | C4: Year 2 | D4: Year 3 | E4: Year 4 | F4: Year 5 | G4: Year 6 | H4: Year 7
A5: Net Benefit Value (NBV) | B5: 18000000 | C5: 32000000 | D5: 41000000 | E5: 46000000 | F5: 49000000 | G5: 51000000 | H5: 52000000
A6: Upfront Fee | B6: =Assumptions!B6 -> 4500000 | C6: 0 | D6: 0 | E6: 0 | F6: 0 | G6: 0 | H6: 0
A7: Annual Licence Fee | B7: =Assumptions!B7 -> 950000 | C7: =Assumptions!B7 -> 950000 | D7: =Assumptions!B7 -> 950000 | E7: =Assumptions!B7 -> 950000 | F7: =Assumptions!B7 -> 950000 | G7: =Assumptions!B7 -> 950000 | H7: =Assumptions!B7 -> 950000
A8: Deployment milestones | B8: =Milestones!D4+Milestones!D5 -> 2000000 | C8: =Milestones!D6 -> 1000000 | D8: 0 | E8: 0 | F8: 0 | G8: 0 | H8: 0
A9: Royalty (capped) | B9: =MIN(Assumptions!B10*B5,Assumptions!B11) -> 810000 | C9: =MIN(Assumptions!B10*C5,Assumptions!B11) -> 1440000 | D9: =MIN(Assumptions!B10*D5,Assumptions!B11) -> 1845000 | E9: =MIN(Assumptions!B10*E5,Assumptions!B11) -> 2000000 | F9: =MIN(Assumptions!B10*F5,Assumptions!B11) -> 2000000 | G9: =MIN(Assumptions!B10*G5,Assumptions!B11) -> 2000000 | H9: =MIN(Assumptions!B10*H5,Assumptions!B11) -> 2000000
A10: Total Licensor receipts | B10: =SUM(B6:B9) -> 8260000 | C10: =SUM(C6:C9) -> 3390000 | D10: =SUM(D6:D9) -> 2795000 | E10: =SUM(E6:E9) -> 2950000 | F10: =SUM(F6:F9) -> 2950000 | G10: =SUM(G6:G9) -> 2950000 | H10: =SUM(H6:H9) -> 2950000
A11: Cumulative receipts | B11: =B10 -> 8260000 | C11: =B11+C10 -> 11650000 | D11: =C11+D10 -> 14445000 | E11: =D11+E10 -> 17395000 | F11: =E11+F10 -> 20345000 | G11: =F11+G10 -> 23295000 | H11: =G11+H10 -> 26245000
A13: 7-year total receipts | B13: =H11 -> 26245000
A14: of which royalty (7 yrs) | B14: =SUM(B9:H9) -> 12095000
