Workbook

Sheet Assumptions
A1: Larkmoor Bioscience Limited — Project Quartz
A2: Series A capitalisation — key assumptions (inputs in blue)
A4: Pre-money valuation (fully diluted) | B4: 30000000 | D4: Note: pre-money valuation is on a fully diluted basis including the enlarged option pool, established pre-money.
A5: New money (Series A) | B5: 10000000
A6: Post-money valuation | B6: =B4+B5 -> 40000000
A7: Price per Series A Preferred Share | B7: 10
A8: New Series A shares issued | B8: =B5/B7 -> 1000000
A9: Pre-money fully diluted shares | B9: 3000000
A10: Post-money fully diluted shares | B10: =B9+B8 -> 4000000
A11: Option pool (post-money, % FD) | B11: 0.125
A12: Investor stake (post-money) | B12: =B8/B10 -> 0.25

Sheet Pre-Money
A1: Pre-Money Capitalisation (fully diluted)
A3: Shareholder / instrument | B3: Class | C3: Shares | D3: % FD
A4: Dr Alice Wren | B4: Ordinary | C4: 1250000 | D4: =C4/$C$8 -> 0.41666667
A5: Dr Sanjay Rao | B5: Ordinary | C5: 950000 | D5: =C5/$C$8 -> 0.31666667
A6: Angel & seed holders (7) | B6: Ordinary | C6: 300000 | D6: =C6/$C$8 -> 0.1
A7: Option pool (unissued, enlarged) | B7: Options | C7: 500000 | D7: =C7/$C$8 -> 0.16666667
A8: Total fully diluted (pre) | C8: =SUM(C4:C7) -> 3000000 | D8: =SUM(D4:D7) -> 1

Sheet Post-Money
A1: Post-Money Capitalisation (fully diluted)
A3: Shareholder / instrument | B3: Class | C3: Shares | D3: % FD | E3: Value (£)
A4: Dr Alice Wren | B4: Ordinary | C4: 1250000 | D4: =C4/$C$10 -> 0.3125 | E4: =C4*Assumptions!$B$7 -> 12500000
A5: Dr Sanjay Rao | B5: Ordinary | C5: 950000 | D5: =C5/$C$10 -> 0.2375 | E5: =C5*Assumptions!$B$7 -> 9500000
A6: Angel & seed holders (7) | B6: Ordinary | C6: 300000 | D6: =C6/$C$10 -> 0.075 | E6: =C6*Assumptions!$B$7 -> 3000000
A7: Option pool | B7: Options | C7: 500000 | D7: =C7/$C$10 -> 0.125 | E7: =C7*Assumptions!$B$7 -> 5000000
A8: Ravensworth Ventures LLP | B8: Series A | C8: 800000 | D8: =C8/$C$10 -> 0.2 | E8: =C8*Assumptions!$B$7 -> 8000000
A9: Aldridge Seed LP | B9: Series A | C9: 200000 | D9: =C9/$C$10 -> 0.05 | E9: =C9*Assumptions!$B$7 -> 2000000
A10: Total fully diluted (post) | C10: =SUM(C4:C9) -> 4000000 | D10: =SUM(D4:D9) -> 1 | E10: =SUM(E4:E9) -> 40000000
A12: Check: total = post-money fully diluted shares | C12: =C10-Assumptions!B10 -> 0
A13: Check: total value = post-money valuation | E13: =E10-Assumptions!B6 -> 0

Sheet Investor Allocation
A1: Series A — Investor Allocation
A3: Investor | B3: Commitment (£) | C3: Series A shares | D3: % of round | E3: % FD (post)
A4: Ravensworth Ventures LLP (lead) | B4: 8000000 | C4: =B4/Assumptions!$B$7 -> 800000 | D4: =B4/$B$6 -> 0.8 | E4: =C4/Assumptions!$B$10 -> 0.2
A5: Aldridge Seed LP (co-investor) | B5: 2000000 | C5: =B5/Assumptions!$B$7 -> 200000 | D5: =B5/$B$6 -> 0.2 | E5: =C5/Assumptions!$B$10 -> 0.05
A6: Total round | B6: =SUM(B4:B5) -> 10000000 | C6: =SUM(C4:C5) -> 1000000 | D6: =SUM(D4:D5) -> 1 | E6: =SUM(E4:E5) -> 0.25
