Workbook

Sheet Assumptions
A1: Project Juniper — Logistics Services Pricing Model
A2: Sutherland Logistics Limited (Provider) / Wexbourne Retail Group Limited (Customer)
A3: Prepared by Whitfield Carter LLP — ref SW/JO/JUN/WC-00137. All figures exclude VAT and pass-through carriage.
A4: Item | B4: Value | C4: Source / note
A5: Storage rates
A6: Ambient pallet storage (£/pallet/week) | B6: 3.1 | C6: Rate card, Sutherland Logistics, Apr 2026
A7: High-value cage storage (£/pallet/week) | B7: 6.2 | C7: Rate card, Sutherland Logistics, Apr 2026
A8: Flammable store storage (£/pallet/week) | B8: 5.4 | C8: Rate card, Sutherland Logistics, Apr 2026
A9: Handling rates
A10: Inbound handling (£/case) | B10: 0.42 | C10: Rate card, Sutherland Logistics, Apr 2026
A11: Pick & pack store (£/unit) | B11: 0.06 | C11: Rate card, Sutherland Logistics, Apr 2026
A12: Pick & pack e-com (£/order) | B12: 0.78 | C12: Rate card, Sutherland Logistics, Apr 2026
A13: Returns processing (£/return) | B13: 1.15 | C13: Rate card, Sutherland Logistics, Apr 2026
A14: VAS (£/unit) | B14: 0.95 | C14: Rate card, Sutherland Logistics, Apr 2026
A15: Volumes (Year 1)
A16: Avg ambient pallets | B16: 16500 | C16: Customer forecast, Mar 2026
A17: Avg high-value cage pallets | B17: 420 | C17: Customer forecast, Mar 2026
A18: Avg flammable store pallets | B18: 380 | C18: Customer forecast, Mar 2026
A19: Inbound cases (annual) | B19: 1150000 | C19: Customer forecast, Mar 2026
A20: Pick & pack store units (annual) | B20: 1500000 | C20: Customer forecast, Mar 2026
A21: E-com orders (annual) | B21: 420000 | C21: Customer forecast, Mar 2026
A22: Returns (annual) | B22: 58000 | C22: Customer forecast, Mar 2026
A23: VAS units (annual) | B23: 42000 | C23: Customer forecast, Mar 2026
A24: Other
A25: Weeks per year | B25: 52 | C25: Convention
A26: Mobilisation fee (one-off) | B26: 420000 | C26: Agreed, clause 9.1
A27: Indexation cap (final, clause 9.3) | B27: 0.035 | C27: Negotiated outcome v3
A28: Liability cap Year 1 (final, clause 15.3) | B28: 5375029 | C28: 137.5% of Year 1 charges (rounded)

Sheet Annual_Charges
A1: Year 1 Annualised Charges (£, excl. VAT & carriage)
A3: Charge line | B3: Rate | C3: Unit basis | D3: Annual volume | E3: Annual charge (£)
A4: Ambient pallet storage | B4: =Assumptions!B6 -> 3.1 | C4: pallets x 52 wks | D4: =Assumptions!B16*Assumptions!B25 -> 858000 | E4: =B4*D4 -> 2659800
A5: High-value cage storage | B5: =Assumptions!B7 -> 6.2 | C5: pallets x 52 wks | D5: =Assumptions!B17*Assumptions!B25 -> 21840 | E5: =B5*D5 -> 135408
A6: Flammable store storage | B6: =Assumptions!B8 -> 5.4 | C6: pallets x 52 wks | D6: =Assumptions!B18*Assumptions!B25 -> 19760 | E6: =B6*D6 -> 106704
A7: Inbound handling | B7: =Assumptions!B10 -> 0.42 | C7: cases | D7: =Assumptions!B19 -> 1150000 | E7: =B7*D7 -> 483000
A8: Pick & pack (store) | B8: =Assumptions!B11 -> 0.06 | C8: units | D8: =Assumptions!B20 -> 1500000 | E8: =B8*D8 -> 90000
A9: Pick & pack (e-com) | B9: =Assumptions!B12 -> 0.78 | C9: orders | D9: =Assumptions!B21 -> 420000 | E9: =B9*D9 -> 327600
A10: Returns processing | B10: =Assumptions!B13 -> 1.15 | C10: returns | D10: =Assumptions!B22 -> 58000 | E10: =B10*D10 -> 66700
A11: VAS (gift-wrap etc.) | B11: =Assumptions!B14 -> 0.95 | C11: units | D11: =Assumptions!B23 -> 42000 | E11: =B11*D11 -> 39900
A12: Total annualised Charges (Year 1) | E12: =SUM(E4:E11) -> 3909112
A14: Mobilisation fee (one-off, clause 9.1) | E14: =Assumptions!B26 -> 420000
A15: Implied liability cap Year 1 (137.5% of Charges) | E15: =E12*1.375 -> 5375029
A16: Check vs final cap (clause 15.3, £5,375,000) | E16: =IF(ABS(E15-5375000)<1500,"OK","CHECK") -> OK

Sheet 4yr_Projection
A1: Four-Year Charge Projection (CPIH indexation, final cap 3.5%)
A3: Year | B3: Year 1 | C3: Year 2 | D3: Year 3 | E3: Year 4
A4: Indexation applied | B4: - | C4: =Assumptions!B27 -> 0.035 | D4: =Assumptions!B27 -> 0.035 | E4: =Assumptions!B27 -> 0.035
A5: Annual Charges (£) | B5: =Annual_Charges!E12 -> 3909112 | C5: =B5*(1+C4) -> 4045930.9 | D5: =C5*(1+D4) -> 4187538.5 | E5: =D5*(1+E4) -> 4334102.3
A6: Cumulative (£) | B6: =B5 -> 3909112 | C6: =B6+C5 -> 7955042.9 | D6: =C6+D5 -> 12142581 | E6: =D6+E5 -> 16476684
A8: Total contract value over Initial Term (4 yrs, charges only) | B8: =SUM(B5:E5) -> 16476684
A9: Plus mobilisation fee | B9: =Annual_Charges!E14 -> 420000
A10: Total Initial-Term value incl. mobilisation | B10: =B8+B9 -> 16896684
